-- phpMyAdmin SQL Dump
-- version 5.2.1
-- https://www.phpmyadmin.net/
--
-- Host: localhost:3306
-- Generation Time: Jun 03, 2023 at 01:41 PM
-- Server version: 5.7.33
-- PHP Version: 7.4.19

SET SQL_MODE = "NO_AUTO_VALUE_ON_ZERO";
START TRANSACTION;
SET time_zone = "+00:00";


/*!40101 SET @OLD_CHARACTER_SET_CLIENT=@@CHARACTER_SET_CLIENT */;
/*!40101 SET @OLD_CHARACTER_SET_RESULTS=@@CHARACTER_SET_RESULTS */;
/*!40101 SET @OLD_COLLATION_CONNECTION=@@COLLATION_CONNECTION */;
/*!40101 SET NAMES utf8mb4 */;

--
-- Database: `h2database`
--

-- --------------------------------------------------------

--
-- Table structure for table `devicedata`
--

CREATE TABLE `devicedata` (
  `id` int(11) NOT NULL,
  `time` time(3) NOT NULL,
  `manometer1` float NOT NULL,
  `manometer2` float NOT NULL,
  `manometer3` float NOT NULL,
  `temperature1` float NOT NULL,
  `temperature2` float NOT NULL,
  `temperature3` float NOT NULL,
  `flowcounter1` float NOT NULL,
  `flowcounter2` float NOT NULL,
  `flowcounter3` float NOT NULL,
  `flow1` int(11) NOT NULL,
  `flow2` int(11) NOT NULL,
  `flow3` int(11) NOT NULL,
  `id_session` int(11) NOT NULL
) ENGINE=InnoDB DEFAULT CHARSET=utf8;

--
-- Dumping data for table `devicedata`
--

INSERT INTO `devicedata` (`id`, `time`, `manometer1`, `manometer2`, `manometer3`, `temperature1`, `temperature2`, `temperature3`, `flowcounter1`, `flowcounter2`, `flowcounter3`, `flow1`, `flow2`, `flow3`, `id_session`) VALUES
(1, '10:50:30.708', 34.306, 96.538, 81.234, -14.989, -14.923, -14.984, -9.424, -5.041, 6.552, 1, 1, 1, 1),
(2, '10:50:30.743', 117.745, 44.043, 135.87, -14.914, -14.863, -14.945, -8.501, -3.102, -9.268, 1, 1, 1, 1),
(3, '10:50:30.775', 127.185, 73.612, 94.57, -14.854, -14.829, -14.934, -8.832, 8.079, -9.64, 1, 1, 1, 1),
(4, '10:50:30.808', 73.785, 90.166, 138.02, -14.725, -14.81, -14.773, 1.88, 0.791, 6.792, 1, 1, 1, 1),
(5, '10:50:30.842', 83.755, 59.91, 113.641, -14.599, -14.729, -14.641, 0.249, -3.217, -9.858, 1, 1, 1, 1),
(6, '10:50:30.870', 83.75, 69.336, 123.822, -14.218, -14.647, -14.569, 3.751, 6.615, 9.957, 1, 1, 1, 1),
(7, '10:50:30.896', 106.045, 100.531, 102.873, -13.798, -14.646, -14.362, -8.631, 4.946, 3.594, 1, 1, 1, 1),
(8, '10:50:30.931', 77.91, 93.218, 121.705, -13.694, -14.592, -14.319, -5.771, -5.479, -9.793, 1, 1, 1, 1),
(9, '10:50:30.964', 41.913, 68.761, 109.255, -13.608, -14.464, -14.211, 3.24, -2.765, 4.382, 1, 1, 1, 1),
(10, '10:50:30.990', 91.464, 104.049, 108.789, -13.587, -14.418, -14.116, 1.587, 6.272, 9.105, 1, 1, 1, 1),
(11, '10:50:31.020', 58.976, 108.062, 31.907, -13.506, -13.896, -14.107, -6.815, -8.405, -2.861, 1, 1, 1, 1),
(12, '10:50:31.053', 35.288, 46.635, 57.301, -13.495, -13.805, -14.065, -7.287, 6.096, -3.072, 1, 1, 1, 1),
(13, '10:50:31.085', 35.622, 98.575, 118.794, -13.49, -13.543, -13.978, 4.69, -1.083, -4.355, 1, 1, 1, 1),
(14, '10:50:31.118', 56.018, 120.379, 72.236, -13.429, -13.534, -13.948, 2.25, -2.326, 6.87, 1, 1, 1, 1),
(15, '10:50:31.153', 76.696, 101.137, 88.998, -13.177, -13.379, -13.87, -6.863, -7.676, 3.128, 1, 1, 1, 1),
(16, '10:50:31.188', 96.926, 126.102, 62.702, -13.079, -13.368, -13.855, -6.439, -9.353, 5.513, 1, 1, 1, 1),
(17, '10:50:31.218', 99.244, 58.397, 139.798, -12.791, -13.365, -13.838, -5.283, -8.76, -2.257, 1, 1, 1, 1),
(18, '10:50:31.253', 56.914, 93.88, 77.724, -12.765, -13.33, -13.78, -9.7, -2.574, 5.63, 1, 1, 1, 1),
(19, '10:50:31.283', 120.88, 37.84, 139.905, -12.755, -13.233, -13.611, 6.771, 5.016, -5.49, 1, 1, 1, 1),
(20, '10:50:31.312', 120.035, 128.302, 60.538, -12.736, -13.035, -13.044, -0.549, 4.172, 3.83, 1, 1, 1, 1),
(21, '10:50:31.341', 115.702, 53.388, 113.268, -12.699, -12.762, -12.681, -8.21, -9.013, -1.193, 1, 1, 1, 1),
(22, '10:50:31.374', 54.232, 82.395, 89.034, -12.633, -12.704, -12.647, 9.82, 4.449, -4.145, 1, 1, 1, 1),
(23, '10:50:31.406', 59.338, 57.215, 30.108, -12.633, -12.702, -12.516, -1.377, -6.672, 2.159, 1, 1, 1, 1),
(24, '10:50:31.431', 100.028, 73.521, 85.738, -12.461, -12.592, -12.455, -4.131, -2.948, 2.322, 1, 1, 1, 1),
(25, '10:50:31.464', 80.056, 139.809, 86.454, -12.439, -12.563, -12.008, 7.585, -3.688, 8.888, 1, 1, 1, 1),
(26, '10:50:31.493', 140.851, 105.412, 89.369, -12.427, -12.533, -11.977, 3.374, -5.61, -4.612, 1, 1, 1, 1),
(27, '10:50:31.527', 105.101, 94.965, 142.485, -12.41, -12.508, -11.916, -3.776, -0.15, -0.668, 1, 1, 1, 1),
(28, '10:50:31.556', 93.464, 71.309, 94.256, -12.334, -12.507, -11.896, -1.298, 6.658, -2.813, 1, 1, 1, 1),
(29, '10:50:31.583', 76.542, 137.416, 51.297, -12.212, -12.437, -11.721, -9.735, 2.273, 1.796, 1, 1, 1, 1),
(30, '10:50:31.617', 145.426, 98.303, 124.893, -12.132, -12.355, -11.648, -1.267, -3.88, -4.971, 1, 1, 1, 1),
(31, '10:50:31.652', 35.654, 69.413, 116.937, -12.049, -12.213, -11.578, -0.943, -6.652, -8.126, 1, 1, 1, 1),
(32, '10:50:31.682', 104.002, 44.207, 122.826, -12.019, -12.163, -11.257, -6.494, -4.592, 3.549, 1, 1, 1, 1),
(33, '10:50:31.710', 42.875, 126.142, 30.602, -11.992, -11.814, -11.085, -5.932, -6.881, 8.405, 1, 1, 1, 1),
(34, '10:50:31.735', 115.954, 66.533, 126.4, -11.804, -11.686, -10.973, 4.261, 7.164, -7.052, 1, 1, 1, 1),
(35, '10:50:31.770', 66.964, 129.744, 44.817, -11.768, -11.585, -10.869, 7.646, 5.52, -4.965, 1, 1, 1, 1),
(36, '10:50:31.803', 77.368, 124.499, 128.187, -11.761, -11.584, -10.853, 1.303, 6.001, 5.069, 1, 1, 1, 1),
(37, '10:50:31.836', 100.817, 72.413, 144.282, -11.646, -11.493, -10.808, 6.806, 4.381, 0.049, 1, 1, 1, 1),
(38, '10:50:31.868', 143.704, 134.007, 43.673, -11.556, -11.221, -10.482, -6.808, 2.144, -9.846, 1, 1, 1, 1),
(39, '10:50:31.899', 63.394, 31.162, 53.899, -11.469, -11.175, -10.25, -6.351, -8.879, -6.289, 1, 1, 1, 1),
(40, '10:50:31.934', 34.003, 35.437, 108.496, -11.339, -11.115, -10.071, 6.923, -3.559, -0.5, 1, 1, 1, 1),
(41, '10:50:31.962', 100.867, 94.108, 101.157, -11.254, -11.099, -9.961, 2.945, -7.319, -5.788, 1, 1, 1, 1),
(42, '10:50:31.997', 130.9, 57.818, 45.375, -11.092, -11.012, -9.954, -0.478, -2.235, -0.605, 1, 1, 1, 1),
(43, '10:50:32.030', 122.7, 99.735, 104.971, -10.732, -10.946, -9.811, 8.707, 1.43, -7.156, 1, 1, 1, 1),
(44, '10:50:32.055', 46.7, 112.64, 33.31, -10.705, -10.93, -9.754, -1.386, -7.388, -4.215, 1, 1, 1, 1),
(45, '10:50:32.080', 105.216, 74.006, 92.427, -10.671, -10.713, -9.695, 0.057, -5.683, 2.874, 1, 1, 1, 1),
(46, '10:50:32.112', 45.96, 120.692, 110.201, -10.44, -10.706, -9.586, 9.916, -3.608, -8.722, 1, 1, 1, 1),
(47, '10:50:32.137', 64.082, 116.4, 109.993, -10.307, -10.626, -9.428, 2.054, 3.612, -3.891, 1, 1, 1, 1),
(48, '10:50:32.170', 54.65, 55.311, 48.612, -10.221, -10.522, -9.405, -0.577, -5.95, 7.928, 1, 1, 1, 1),
(49, '10:50:32.202', 110.08, 41.484, 88.769, -10.146, -10.452, -9.271, 4.893, -9.762, -7.897, 1, 1, 1, 1),
(50, '10:50:32.228', 39.76, 82.695, 92.656, -10.137, -10.432, -9.189, -8.009, -8.985, 0.199, 1, 1, 1, 1),
(51, '10:50:32.254', 105.676, 104.056, 106.596, -10.133, -10.224, -9.161, 5.6, 1.32, 9.065, 1, 1, 1, 1),
(52, '10:50:32.284', 43.656, 45.122, 59.153, -10.073, -10.062, -9.161, 7.502, -7.176, -5.659, 1, 1, 1, 1),
(53, '10:50:32.315', 66.874, 46.403, 148.404, -10.038, -10.032, -9.142, -2.575, -2.097, 3.198, 1, 1, 1, 1),
(54, '10:50:32.350', 95.266, 149.064, 125.195, -9.806, -9.974, -9.124, -3.47, -6.761, 3.997, 1, 1, 1, 1),
(55, '10:50:32.378', 131.605, 68.411, 35.432, -9.794, -9.676, -9.102, 0.511, -9.808, 8.011, 1, 1, 1, 1),
(56, '10:50:32.403', 56.325, 144.167, 123.677, -9.636, -9.596, -9.026, 0.532, 8.857, -0.224, 1, 1, 1, 1),
(57, '10:50:32.437', 53.969, 108.662, 56.272, -9.543, -9.563, -8.974, 0.844, -2.561, 2.688, 1, 1, 1, 1),
(58, '10:50:32.467', 54.698, 111.118, 87.98, -9.472, -9.531, -8.734, 4.211, -0.927, 8.27, 1, 1, 1, 1),
(59, '10:50:32.493', 79.374, 72.366, 124.284, -9.319, -9.164, -8.642, 8.873, 0.889, 3.242, 1, 1, 1, 1),
(60, '10:50:32.527', 76.041, 81.236, 130.398, -9.112, -9.16, -8.548, 2.376, -5.534, 9.949, 1, 1, 1, 1),
(61, '10:50:32.554', 37.936, 103.681, 83.965, -9.095, -9.086, -8.529, 4.243, -6.785, 3.025, 1, 1, 1, 1),
(62, '10:50:32.581', 113.514, 134.265, 45.246, -9.056, -8.954, -8.178, 0.669, -6.908, -1.575, 1, 1, 1, 1),
(63, '10:50:32.611', 93.753, 89.027, 140.249, -8.986, -8.84, -8.141, -4.983, -6.712, -9.489, 1, 1, 1, 1),
(64, '10:50:32.639', 54.219, 83.39, 30.688, -8.899, -8.533, -8.091, 3.689, 1.729, -9.593, 1, 1, 1, 1),
(65, '10:50:32.673', 131.145, 124.029, 146.064, -8.849, -8.488, -8.026, -8.271, 8.229, 0.969, 1, 1, 1, 1),
(66, '10:50:32.704', 125.841, 33.546, 93.948, -8.842, -8.483, -7.95, 1.084, -4.27, 8.689, 1, 1, 1, 1),
(67, '10:50:32.732', 89.901, 117.606, 42.213, -8.839, -8.423, -7.756, 3.265, 6.722, 3.166, 1, 1, 1, 1),
(68, '10:50:32.757', 75.578, 86.083, 87.979, -8.832, -8.296, -7.627, 4.757, 1.505, -7.459, 1, 1, 1, 1),
(69, '10:50:32.783', 97.614, 77.88, 124.923, -8.69, -8.188, -7.492, -3.152, -6.153, 2.507, 1, 1, 1, 1),
(70, '10:50:32.813', 112.428, 100.34, 34.545, -8.676, -8.074, -7.28, 0.698, 6.985, 3.044, 1, 1, 1, 1),
(71, '10:50:32.839', 63.259, 111.46, 71.168, -8.599, -7.779, -7.163, -2.986, 4.098, 1.298, 1, 1, 1, 1),
(72, '10:50:32.867', 88.904, 96.504, 113.057, -8.243, -7.716, -7.122, -5.562, -0.24, -7.545, 1, 1, 1, 1),
(73, '10:50:32.893', 124.136, 149.194, 119.185, -8.164, -7.576, -7.02, -0.924, -9.384, -8.972, 1, 1, 1, 1),
(74, '10:50:32.923', 134.52, 59.982, 120.881, -8.153, -7.464, -6.981, 2.11, 9.357, -9.695, 1, 1, 1, 1),
(75, '10:50:32.955', 114.771, 53.258, 39.034, -7.956, -7.294, -6.843, 5.423, -1.089, 2, 1, 1, 1, 1),
(76, '10:50:32.989', 88.185, 97.98, 90.275, -7.894, -7.182, -6.786, -3.198, 5.53, -4.126, 1, 1, 1, 1),
(77, '10:50:33.022', 56.144, 59.903, 145.349, -7.883, -7.027, -6.783, 0.108, -9.719, -2.105, 1, 1, 1, 1),
(78, '10:50:33.052', 101.765, 32.956, 90.089, -7.745, -7.016, -6.611, -8.058, 2.889, 2.954, 1, 1, 1, 1),
(79, '10:50:33.087', 111.89, 91.72, 59.15, -7.736, -6.906, -6.563, -4.842, -1.993, -7.72, 1, 1, 1, 1),
(80, '10:50:33.118', 70.168, 82.727, 141.646, -7.558, -6.893, -6.547, -8.925, -0.259, 4.186, 1, 1, 1, 1),
(81, '10:50:33.144', 84.733, 97.326, 109.315, -7.334, -6.767, -6.502, -0.807, 2.903, -2.344, 1, 1, 1, 1),
(82, '10:50:33.170', 133.905, 149.103, 35.87, -7.332, -6.722, -6.497, 9.682, -0.715, 9.085, 1, 1, 1, 1),
(83, '10:50:33.199', 32.329, 66.44, 77.155, -7.023, -6.589, -6.457, 5.519, -0.935, 6.714, 1, 1, 1, 1),
(84, '10:50:33.234', 148.78, 129.848, 110.514, -6.931, -6.575, -6.313, 7.524, -0.025, 0.391, 1, 1, 1, 1),
(85, '10:50:33.268', 107.014, 114.265, 66.775, -6.674, -6.419, -6.075, -6.576, -7.502, -2.105, 1, 1, 1, 1),
(86, '10:50:33.300', 91.324, 53.949, 124.833, -6.297, -6.161, -5.958, 4.535, 2.344, -3.88, 1, 1, 1, 1),
(87, '10:50:33.329', 53.382, 69.282, 82.515, -6.264, -5.91, -5.94, 4.744, -6.446, -6.181, 1, 1, 1, 1),
(88, '10:50:33.361', 45.989, 35.678, 36.567, -6.128, -5.765, -5.937, 7.485, 6.121, -2.255, 1, 1, 1, 1),
(89, '10:50:33.388', 148.581, 64.159, 43.845, -6.009, -5.664, -5.928, 3.036, -0.309, -8.884, 1, 1, 1, 1),
(90, '10:50:33.422', 107.677, 126.04, 95.19, -5.955, -5.655, -5.917, 9.933, -6.613, 0.577, 1, 1, 1, 1),
(91, '10:50:33.449', 40.331, 53.433, 55.728, -5.923, -5.608, -5.731, 4.35, 7.759, 5.567, 1, 1, 1, 1),
(92, '10:50:33.476', 138.126, 140.106, 65.275, -5.914, -5.55, -5.702, 9.214, -1.526, -0.592, 1, 1, 1, 1),
(93, '10:50:33.504', 145.374, 105.689, 63.289, -5.829, -5.474, -5.598, 4.96, 5.372, 4.166, 1, 1, 1, 1),
(94, '10:50:33.534', 117.701, 128.634, 36.855, -5.777, -5.418, -5.54, -9.007, 2.708, -6.34, 1, 1, 1, 1),
(95, '10:50:33.561', 91.56, 145.488, 78.995, -5.555, -5.35, -5.448, -0.352, 5.869, -7.009, 1, 1, 1, 1),
(96, '10:50:33.595', 50.92, 92.609, 34.347, -5.503, -5.233, -5.182, -4.825, -6.72, 4.89, 1, 1, 1, 1),
(97, '10:50:33.624', 63.978, 112.392, 53.997, -5.499, -5.232, -5.176, -1.256, 8.447, -4.758, 1, 1, 1, 1),
(98, '10:50:33.658', 149.048, 92.624, 134.622, -5.352, -5.152, -5.133, 5.054, 4.32, 2.248, 1, 1, 1, 1),
(99, '10:50:33.688', 92.648, 81.544, 40.81, -5.087, -5.083, -5.078, 3.434, 0.947, 1.933, 1, 1, 1, 1),
(100, '10:50:33.720', 30.051, 137.722, 144.238, -5.062, -5.072, -4.423, 0.398, 2.366, 7.781, 1, 1, 1, 1),
(101, '19:23:32.138', 105.353, 43.859, 102.305, -14.986, -14.914, -14.93, -9.122, -8.153, 6.511, 1, 1, 1, 2),
(102, '19:23:32.166', 72.224, 80.515, 85.094, -14.878, -14.804, -14.893, 3.738, -2.977, -9.655, 1, 1, 1, 2),
(103, '19:23:32.194', 52.035, 67.874, 35.907, -14.855, -14.694, -14.78, -2.522, 9.145, 8.716, 1, 1, 1, 2),
(104, '19:23:32.223', 122.145, 44.97, 98.484, -14.719, -14.537, -14.75, -1.843, 9.04, 5.573, 1, 1, 1, 2),
(105, '19:23:32.257', 112.079, 101.617, 143.162, -14.714, -14.368, -14.589, -5.431, -0.822, 8.104, 1, 1, 1, 2),
(106, '19:23:32.291', 90.553, 70.769, 145.765, -14.635, -14.366, -14.437, 6.037, 7.476, -9.495, 1, 1, 1, 2),
(107, '19:23:32.322', 141.039, 69.659, 105.176, -14.601, -14.178, -14.375, 7.789, 2.571, -5.303, 1, 1, 1, 2),
(108, '19:23:32.356', 72.736, 129.922, 33.415, -14.288, -14.133, -14.351, 5.2, 0.045, -3.141, 1, 1, 1, 2),
(109, '19:23:32.383', 36.441, 80.182, 131.975, -14.271, -14.012, -14.297, -2.096, 8.982, 3.197, 1, 1, 1, 2),
(110, '19:23:32.412', 77.354, 81.058, 129.607, -14.117, -13.952, -14.285, 5.423, -5.907, 6.9, 1, 1, 1, 2),
(111, '19:23:32.441', 100.36, 116.076, 44.108, -13.982, -13.906, -14.095, -9.29, 8.215, -1.372, 1, 1, 1, 2),
(112, '19:23:32.470', 136.494, 83.601, 53.629, -13.929, -13.849, -14.047, 0.215, -8.933, 5.971, 1, 1, 1, 2),
(113, '19:23:32.505', 96.906, 115.983, 67.337, -13.903, -13.81, -13.948, 4.566, -7.035, 4.134, 1, 1, 1, 2),
(114, '19:23:32.540', 132.417, 88.996, 126.528, -13.822, -13.685, -13.837, -7.429, 2.574, -5.215, 1, 1, 1, 2),
(115, '19:23:32.566', 138.939, 76.382, 47.325, -13.821, -13.546, -13.822, -9.524, -4.508, -6.056, 1, 1, 1, 2),
(116, '19:23:32.601', 45.644, 52.268, 82.234, -13.758, -13.44, -13.521, -9.313, -8.687, 4.559, 1, 1, 1, 2),
(117, '19:23:32.629', 43.993, 91.998, 70.667, -13.177, -13.372, -13.478, -1.567, 1.154, 1.15, 1, 1, 1, 2),
(118, '19:23:32.661', 85.55, 41.994, 41.291, -13.021, -13.337, -13.475, -2.73, 9.946, -2.171, 1, 1, 1, 2),
(119, '19:23:32.689', 38.678, 99.81, 142.922, -12.944, -13.325, -13.322, -7.509, 9.444, -5.034, 1, 1, 1, 2),
(120, '19:23:32.714', 138.824, 112.326, 119.862, -12.846, -13.169, -13.201, -5.763, 1.061, 4.623, 1, 1, 1, 2),
(121, '19:23:32.747', 101.271, 124.295, 116.136, -12.767, -13.118, -12.541, -1.127, 0.568, -3.852, 1, 1, 1, 2),
(122, '19:23:32.772', 54.13, 129.876, 129.426, -12.587, -12.716, -12.062, -9.446, -4.988, -9.755, 1, 1, 1, 2),
(123, '19:23:32.805', 96.327, 101.933, 37.149, -12.58, -12.654, -12.062, -5.47, 0.505, 0.262, 1, 1, 1, 2),
(124, '19:23:32.832', 138.309, 141.732, 99.595, -12.449, -12.646, -12.033, -8.515, 9.209, 2.856, 1, 1, 1, 2),
(125, '19:23:32.858', 53.227, 74.263, 52.633, -12.436, -12.568, -11.969, -6.902, 8.931, -4.481, 1, 1, 1, 2),
(126, '19:23:32.893', 32.496, 64.443, 97.156, -12.418, -12.566, -11.951, -5.42, -3.003, 1.353, 1, 1, 1, 2),
(127, '19:23:32.918', 78.802, 103.344, 113.704, -12.363, -12.523, -11.933, -7.099, -8.667, 7.151, 1, 1, 1, 2),
(128, '19:23:32.952', 109.292, 147.711, 132.16, -11.919, -12.504, -11.614, -0.732, -5.531, 6.664, 1, 1, 1, 2),
(129, '19:23:32.981', 38.677, 83.553, 36.095, -11.77, -12.4, -11.611, -9.496, 8.207, -7.791, 1, 1, 1, 2),
(130, '19:23:33.009', 84.032, 141.527, 63.953, -11.594, -12.307, -11.603, -5.094, -8.502, 1.801, 1, 1, 1, 2),
(131, '19:23:33.043', 33.996, 128.017, 143.625, -11.554, -12.234, -11.563, 8.064, -4.065, 3.768, 1, 1, 1, 2),
(132, '19:23:33.068', 124.541, 110, 127.706, -11.515, -12.214, -11.559, -0.563, 1.365, -4.74, 1, 1, 1, 2),
(133, '19:23:33.100', 79.278, 69.151, 45.099, -11.409, -12.212, -11.338, -1.314, -4.85, 1.021, 1, 1, 1, 2),
(134, '19:23:33.130', 74.139, 47.226, 83.769, -11.341, -12.098, -11.31, 3.739, 5.844, -8.305, 1, 1, 1, 2),
(135, '19:23:33.162', 149.926, 45.654, 90.882, -11.311, -11.998, -11.267, 3.834, -4.644, -9.609, 1, 1, 1, 2),
(136, '19:23:33.188', 79.287, 69.03, 53.188, -11.287, -11.885, -11.198, 8.288, 8.612, 0.71, 1, 1, 1, 2),
(137, '19:23:33.221', 43.705, 52.245, 52.121, -10.938, -11.848, -11.059, 9.332, 2.654, -4.079, 1, 1, 1, 2),
(138, '19:23:33.250', 138.033, 38.256, 142.69, -10.842, -11.795, -10.95, -8.386, 7.929, -4.732, 1, 1, 1, 2),
(139, '19:23:33.284', 105.4, 90.309, 77.868, -10.749, -11.729, -10.849, 5.653, 5.203, -6.574, 1, 1, 1, 2),
(140, '19:23:33.316', 113.261, 145.481, 50.413, -10.721, -11.729, -10.664, 6.977, 8.393, 9.247, 1, 1, 1, 2),
(141, '19:23:33.343', 131.857, 83.69, 34.186, -10.691, -11.44, -10.633, 8.015, 9.883, 4.201, 1, 1, 1, 2),
(142, '19:23:33.375', 140.505, 135.797, 99.467, -10.632, -11.369, -10.632, 7.094, 5.181, -5.258, 1, 1, 1, 2),
(143, '19:23:33.401', 136.873, 93.036, 30.531, -10.256, -11.236, -10.623, 3.031, -6.786, -6.096, 1, 1, 1, 2),
(144, '19:23:33.432', 118.451, 103.837, 73.421, -10.241, -11.089, -10.43, -4.24, -9.952, -8.988, 1, 1, 1, 2),
(145, '19:23:33.465', 147.27, 94.184, 144.358, -9.841, -10.908, -10.415, -3.578, -9.727, 9.235, 1, 1, 1, 2),
(146, '19:23:33.490', 90.341, 148.102, 97.256, -9.831, -10.887, -10.341, -6.497, 3.607, -5.758, 1, 1, 1, 2),
(147, '19:23:33.521', 43.739, 79.831, 90.128, -9.756, -10.857, -10.311, 3.459, 9.779, -8.362, 1, 1, 1, 2),
(148, '19:23:33.550', 64.694, 45.874, 67.468, -9.503, -10.662, -10.197, -5.541, -3.145, 8.51, 1, 1, 1, 2),
(149, '19:23:33.581', 32.662, 42.924, 64.801, -9.456, -10.611, -10.19, 4.543, 4.832, -4.949, 1, 1, 1, 2),
(150, '19:23:33.607', 42.172, 57.543, 64.584, -9.305, -10.33, -9.892, -9.442, -4.688, -6.311, 1, 1, 1, 2),
(151, '19:23:33.639', 45.291, 35.759, 134.198, -9.234, -10.326, -9.842, -2.118, 3.378, 2.328, 1, 1, 1, 2),
(152, '19:23:33.671', 88.522, 125.861, 50.215, -9.211, -10.22, -9.772, -7.961, -2.394, -1.163, 1, 1, 1, 2),
(153, '19:23:33.702', 57.525, 140.375, 92.552, -9.193, -9.864, -9.751, -3.69, -1.562, -2.007, 1, 1, 1, 2),
(154, '19:23:33.737', 86.623, 82.682, 87.49, -9.14, -9.736, -9.658, 7.512, -1.037, -1.531, 1, 1, 1, 2),
(155, '19:23:33.766', 87.135, 82.409, 90.754, -8.988, -9.612, -9.624, 2.343, 7.581, 5.312, 1, 1, 1, 2),
(156, '19:23:33.791', 34.166, 95.201, 65.043, -8.868, -9.552, -9.557, -1.623, 5.665, -8.019, 1, 1, 1, 2),
(157, '19:23:33.819', 111.993, 111.697, 74.701, -8.855, -9.486, -9.311, 2.75, -1.596, -8.258, 1, 1, 1, 2),
(158, '19:23:33.851', 122.886, 133.868, 38.213, -8.632, -9.376, -9.109, 8.354, 0.751, 4.951, 1, 1, 1, 2),
(159, '19:23:33.876', 30.096, 145.278, 45.294, -8.573, -9.282, -9.106, 0.219, -2.314, 9.973, 1, 1, 1, 2),
(160, '19:23:33.906', 44.32, 73.858, 101.245, -8.47, -9.118, -9.105, 1.567, -4.611, 1.544, 1, 1, 1, 2),
(161, '19:23:33.939', 111.844, 78.883, 33.503, -8.353, -8.951, -9.068, -8.849, 1.714, -2.193, 1, 1, 1, 2),
(162, '19:23:33.964', 48.989, 85.551, 73.207, -8.315, -8.907, -9.046, 8.516, 8.398, 0.217, 1, 1, 1, 2),
(163, '19:23:33.992', 89.732, 117.944, 97.767, -8.261, -8.828, -9.022, -8.063, 2.217, 9.732, 1, 1, 1, 2),
(164, '19:23:34.022', 113.719, 77.116, 73.153, -8.092, -8.786, -8.98, -5.058, -7.759, -0.286, 1, 1, 1, 2),
(165, '19:23:34.050', 109.659, 57.343, 55.178, -7.96, -8.594, -8.875, -6.972, -2.622, -5.078, 1, 1, 1, 2),
(166, '19:23:34.076', 117.558, 87.358, 109.139, -7.949, -8.519, -8.771, 9.279, 1.003, -1.549, 1, 1, 1, 2),
(167, '19:23:34.107', 148.07, 78.952, 108.767, -7.946, -8.428, -8.715, 0.102, -2.521, -9.432, 1, 1, 1, 2),
(168, '19:23:34.141', 135.178, 103.404, 119.025, -7.837, -8.375, -8.534, -5.483, 0.933, 1.511, 1, 1, 1, 2),
(169, '19:23:34.169', 52.892, 79.397, 145.798, -7.824, -8.349, -8.35, 8.569, -8.565, 0.367, 1, 1, 1, 2),
(170, '19:23:34.196', 147.669, 38.37, 130.108, -7.688, -8.064, -8.121, 5.651, 6.18, -7.883, 1, 1, 1, 2),
(171, '19:23:34.229', 43.549, 132.114, 57.764, -7.568, -7.999, -7.843, -4.957, -9.365, 6.363, 1, 1, 1, 2),
(172, '19:23:34.256', 52.682, 61.001, 86.685, -7.414, -7.977, -7.842, -2.722, -5.484, 2.371, 1, 1, 1, 2),
(173, '19:23:34.290', 53.276, 131.545, 144.717, -7.345, -7.922, -7.697, -9.567, 4.104, 6.817, 1, 1, 1, 2),
(174, '19:23:34.318', 75.077, 112.219, 61.648, -7.171, -7.915, -7.676, -2.302, 9.756, 7.768, 1, 1, 1, 2),
(175, '19:23:34.349', 47.292, 123.764, 107.945, -7.167, -7.844, -7.616, 7.439, 3.384, -4.89, 1, 1, 1, 2),
(176, '19:23:34.384', 121.083, 31.896, 121.357, -7.14, -7.447, -7.525, -9.856, 4.246, 0.746, 1, 1, 1, 2),
(177, '19:23:34.413', 85.066, 51.263, 101.719, -7.108, -7.276, -7.426, -6.046, 5.714, 9.408, 1, 1, 1, 2),
(178, '19:23:34.438', 56.08, 65.441, 136.02, -6.945, -7.095, -7.102, 1.394, 4.662, 7.473, 1, 1, 1, 2),
(179, '19:23:34.471', 95.43, 60.887, 44.391, -6.916, -6.986, -7.062, -6.478, 0.977, 2.079, 1, 1, 1, 2),
(180, '19:23:34.501', 135.877, 121.544, 108.442, -6.907, -6.945, -6.913, 2.531, -1.06, 4.719, 1, 1, 1, 2),
(181, '19:23:34.527', 49.99, 91.555, 67.983, -6.734, -6.94, -6.86, -4.077, 7.817, -1.032, 1, 1, 1, 2),
(182, '19:23:34.553', 138.411, 44.215, 95.035, -6.687, -6.86, -6.782, -7.048, 2.009, 7.737, 1, 1, 1, 2),
(183, '19:23:34.588', 96.097, 61.621, 64.764, -6.644, -6.855, -6.693, -5.591, 2.994, -2.458, 1, 1, 1, 2),
(184, '19:23:34.616', 76.371, 70.497, 70.699, -6.452, -6.465, -6.609, 6.335, 9.594, -7.001, 1, 1, 1, 2),
(185, '19:23:34.641', 93.39, 92.128, 44.964, -6.308, -6.361, -6.601, -2.603, 6.792, 1.848, 1, 1, 1, 2),
(186, '19:23:34.667', 98.342, 50.822, 56.671, -6.144, -6.241, -6.596, -8.918, 4.805, 7.474, 1, 1, 1, 2),
(187, '19:23:34.696', 106.195, 112.533, 87.051, -6.045, -6.016, -6.572, -2.07, 6.808, -0.159, 1, 1, 1, 2),
(188, '19:23:34.725', 82.592, 49.687, 108.319, -6.044, -5.964, -6.549, 3.765, -8.714, 3.648, 1, 1, 1, 2),
(189, '19:23:34.755', 75.716, 66.944, 96.444, -5.885, -5.884, -6.54, -7.445, -0.616, -1.278, 1, 1, 1, 2),
(190, '19:23:34.785', 145.606, 33.711, 79.064, -5.835, -5.708, -6.5, 6.324, -8.55, -7.646, 1, 1, 1, 2),
(191, '19:23:34.812', 148.637, 133.397, 77.476, -5.64, -5.691, -6.464, -8.342, 6.051, -6.115, 1, 1, 1, 2),
(192, '19:23:34.846', 91.769, 146.226, 92.607, -5.521, -5.62, -6.38, -5.959, 4.136, -7.55, 1, 1, 1, 2),
(193, '19:23:34.875', 121.612, 48.466, 126.124, -5.429, -5.454, -6.286, -1.104, 5.932, 3.438, 1, 1, 1, 2),
(194, '19:23:34.905', 70.255, 105.511, 67.43, -5.303, -5.414, -6.214, 2.973, 0.54, 8.262, 1, 1, 1, 2),
(195, '19:23:34.939', 55.211, 91.091, 31.483, -5.25, -5.41, -6.196, 7.373, -2.687, -9.331, 1, 1, 1, 2),
(196, '19:23:34.970', 39.22, 41.199, 110.351, -5.248, -5.218, -5.615, -4.824, -0.226, -4.528, 1, 1, 1, 2),
(197, '19:23:35.000', 103.008, 112.756, 74.226, -5.159, -5.197, -5.255, 6.993, 5.105, 3.042, 1, 1, 1, 2),
(198, '19:23:35.034', 60.359, 99.862, 129.865, -5.154, -5.181, -5.107, 5.031, -0.539, 8.39, 1, 1, 1, 2),
(199, '19:23:35.068', 93.459, 85.117, 58.44, -5.077, -5.155, -5.015, -0.489, 3.614, 4.974, 1, 1, 1, 2),
(200, '19:23:35.101', 48.572, 43.918, 48.311, -5.06, -5.138, -5, 5.415, -0.117, 4.953, 1, 1, 1, 2);

-- --------------------------------------------------------

--
-- Table structure for table `error`
--

CREATE TABLE `error` (
  `id_errocode` int(10) NOT NULL,
  `name` varchar(100) NOT NULL
) ENGINE=InnoDB DEFAULT CHARSET=utf8;

--
-- Dumping data for table `error`
--

INSERT INTO `error` (`id_errocode`, `name`) VALUES
(0, 'There is no error'),
(2, 'The device is not listed'),
(3, 'The device does not exist'),
(4, 'The device has been removed'),
(5, 'Retries exceeded'),
(6, 'An unexpected error has occurred');

-- --------------------------------------------------------

--
-- Table structure for table `errordata`
--

CREATE TABLE `errordata` (
  `id` int(11) NOT NULL,
  `id_devicedata` int(11) NOT NULL,
  `errorcode` binary(1) DEFAULT NULL
) ENGINE=InnoDB DEFAULT CHARSET=utf8;

-- --------------------------------------------------------

--
-- Table structure for table `session`
--

CREATE TABLE `session` (
  `id` int(11) NOT NULL,
  `time` datetime(3) NOT NULL,
  `name` varchar(100) NOT NULL
) ENGINE=InnoDB DEFAULT CHARSET=utf8;

--
-- Dumping data for table `session`
--

INSERT INTO `session` (`id`, `time`, `name`) VALUES
(1, '2023-06-03 10:32:34.432', 'Test number 1'),
(2, '2023-06-03 12:23:34.312', 'Test number 2');

-- --------------------------------------------------------

--
-- Table structure for table `valvedata`
--

CREATE TABLE `valvedata` (
  `id` int(11) NOT NULL,
  `valve1` int(1) NOT NULL,
  `valve2` int(1) NOT NULL,
  `valve3` int(1) NOT NULL,
  `valve4` int(1) NOT NULL,
  `valve5` int(1) NOT NULL,
  `valve6` int(1) NOT NULL,
  `valve7` int(1) NOT NULL,
  `valve8` int(1) NOT NULL,
  `valve9` int(1) NOT NULL,
  `valve10` int(1) NOT NULL,
  `valve11` int(1) NOT NULL,
  `valve12` int(1) NOT NULL,
  `valve13` int(1) NOT NULL,
  `valve14` int(1) NOT NULL,
  `valve15` int(1) NOT NULL,
  `valve16` int(1) NOT NULL,
  `valve17` int(1) NOT NULL,
  `valve18` int(1) NOT NULL,
  `pump` int(1) NOT NULL,
  `id_devicedata` int(11) NOT NULL
) ENGINE=InnoDB DEFAULT CHARSET=utf8;

--
-- Dumping data for table `valvedata`
--

INSERT INTO `valvedata` (`id`, `valve1`, `valve2`, `valve3`, `valve4`, `valve5`, `valve6`, `valve7`, `valve8`, `valve9`, `valve10`, `valve11`, `valve12`, `valve13`, `valve14`, `valve15`, `valve16`, `valve17`, `valve18`, `pump`, `id_devicedata`) VALUES
(1, 0, 1, 0, 0, 0, 0, 1, 1, 0, 1, 0, 1, 0, 0, 0, 1, 1, 0, 0, 1),
(2, 0, 0, 1, 0, 1, 1, 0, 0, 1, 0, 0, 1, 0, 0, 1, 1, 0, 1, 0, 2),
(3, 0, 1, 0, 0, 0, 1, 0, 0, 0, 0, 1, 0, 0, 0, 0, 0, 1, 0, 0, 3),
(4, 1, 1, 1, 1, 0, 1, 0, 0, 0, 0, 1, 1, 1, 0, 0, 1, 0, 1, 0, 4),
(5, 0, 1, 1, 0, 0, 1, 1, 1, 1, 1, 0, 1, 1, 0, 1, 0, 1, 1, 1, 5),
(6, 0, 0, 0, 0, 0, 1, 1, 1, 1, 1, 1, 1, 1, 1, 0, 0, 1, 0, 1, 6),
(7, 1, 0, 1, 1, 0, 1, 1, 1, 0, 0, 0, 0, 1, 0, 0, 1, 1, 0, 1, 7),
(8, 1, 0, 1, 0, 0, 0, 1, 0, 0, 0, 0, 1, 1, 1, 1, 0, 0, 1, 1, 8),
(9, 1, 1, 0, 0, 0, 0, 0, 0, 1, 0, 1, 1, 0, 0, 1, 1, 0, 0, 1, 9),
(10, 0, 1, 1, 1, 1, 1, 1, 0, 0, 1, 0, 0, 0, 1, 0, 0, 1, 0, 1, 10),
(11, 0, 0, 0, 1, 1, 1, 1, 1, 0, 0, 0, 1, 0, 0, 1, 0, 1, 0, 1, 11),
(12, 1, 1, 1, 0, 1, 0, 0, 1, 0, 1, 0, 0, 0, 1, 0, 0, 1, 0, 1, 12),
(13, 1, 0, 0, 1, 1, 1, 0, 1, 0, 0, 1, 0, 0, 1, 0, 1, 0, 1, 1, 13),
(14, 0, 1, 0, 0, 0, 1, 1, 0, 1, 1, 0, 0, 1, 1, 0, 1, 0, 1, 1, 14),
(15, 0, 1, 1, 0, 1, 0, 0, 1, 0, 0, 0, 0, 0, 0, 1, 0, 0, 1, 1, 15),
(16, 1, 1, 0, 1, 0, 1, 1, 0, 1, 1, 0, 1, 0, 1, 1, 1, 1, 1, 1, 16),
(17, 0, 0, 1, 1, 0, 1, 1, 0, 0, 0, 0, 1, 1, 1, 0, 1, 0, 1, 1, 17),
(18, 1, 1, 0, 1, 1, 0, 0, 0, 0, 1, 0, 1, 0, 0, 1, 0, 0, 0, 1, 18),
(19, 1, 1, 1, 0, 1, 1, 1, 0, 0, 0, 1, 1, 1, 1, 0, 1, 0, 0, 1, 19),
(20, 1, 1, 1, 0, 0, 1, 1, 0, 0, 1, 0, 1, 0, 0, 1, 1, 0, 1, 1, 20),
(21, 0, 1, 0, 1, 1, 0, 0, 1, 0, 1, 0, 0, 0, 1, 0, 0, 1, 0, 1, 21),
(22, 0, 1, 0, 0, 0, 1, 1, 1, 0, 0, 1, 0, 0, 1, 1, 0, 1, 1, 1, 22),
(23, 1, 1, 1, 1, 0, 0, 1, 0, 1, 1, 1, 0, 0, 1, 1, 0, 0, 1, 1, 23),
(24, 0, 0, 1, 1, 0, 0, 1, 0, 0, 0, 0, 1, 1, 0, 1, 1, 0, 1, 1, 24),
(25, 1, 1, 0, 0, 1, 1, 0, 1, 0, 0, 0, 0, 0, 0, 1, 1, 1, 0, 1, 25),
(26, 0, 1, 1, 1, 0, 1, 0, 1, 1, 0, 1, 0, 1, 0, 0, 0, 0, 0, 1, 26),
(27, 0, 0, 0, 1, 0, 1, 0, 0, 1, 0, 1, 1, 0, 0, 0, 1, 1, 1, 1, 27),
(28, 1, 0, 1, 0, 1, 0, 1, 0, 1, 0, 1, 0, 1, 1, 1, 0, 1, 1, 1, 28),
(29, 1, 1, 1, 0, 1, 0, 0, 1, 1, 1, 1, 1, 1, 1, 1, 1, 1, 1, 1, 29),
(30, 1, 0, 1, 0, 1, 0, 1, 0, 0, 1, 1, 0, 0, 1, 1, 0, 1, 0, 1, 30),
(31, 0, 1, 0, 0, 0, 0, 0, 1, 0, 1, 0, 0, 1, 1, 1, 0, 0, 0, 1, 31),
(32, 1, 1, 0, 1, 0, 0, 0, 0, 0, 0, 0, 0, 0, 1, 1, 0, 0, 1, 1, 32),
(33, 1, 0, 1, 1, 0, 1, 1, 0, 1, 1, 0, 1, 1, 0, 0, 1, 1, 0, 1, 33),
(34, 0, 0, 1, 0, 1, 1, 1, 1, 1, 1, 1, 0, 1, 1, 0, 0, 0, 0, 1, 34),
(35, 1, 0, 0, 1, 0, 0, 1, 0, 0, 1, 1, 0, 1, 0, 0, 1, 0, 0, 1, 35),
(36, 0, 1, 0, 0, 0, 1, 0, 0, 1, 1, 1, 0, 1, 0, 1, 1, 1, 0, 1, 36),
(37, 0, 0, 0, 0, 1, 1, 1, 1, 0, 0, 1, 0, 0, 1, 1, 0, 0, 0, 1, 37),
(38, 0, 0, 0, 1, 1, 0, 1, 1, 1, 0, 1, 1, 0, 0, 1, 1, 0, 1, 1, 38),
(39, 0, 1, 1, 1, 1, 0, 1, 1, 0, 1, 0, 1, 1, 0, 1, 1, 1, 0, 1, 39),
(40, 0, 1, 1, 0, 0, 0, 1, 1, 0, 1, 1, 0, 1, 0, 0, 0, 1, 1, 1, 40),
(41, 1, 0, 1, 0, 1, 0, 1, 1, 0, 1, 0, 0, 0, 0, 1, 0, 0, 0, 1, 41),
(42, 1, 1, 0, 0, 1, 1, 0, 0, 1, 0, 1, 0, 1, 1, 0, 0, 1, 0, 1, 42),
(43, 0, 0, 1, 0, 0, 0, 1, 0, 0, 0, 1, 0, 0, 1, 1, 0, 1, 0, 1, 43),
(44, 1, 1, 1, 1, 0, 1, 1, 0, 1, 1, 1, 1, 1, 1, 0, 0, 1, 0, 1, 44),
(45, 0, 1, 1, 0, 0, 0, 0, 0, 0, 1, 1, 0, 0, 0, 0, 1, 0, 1, 1, 45),
(46, 1, 1, 0, 1, 0, 0, 0, 1, 1, 0, 0, 1, 0, 0, 0, 0, 0, 0, 1, 46),
(47, 0, 1, 1, 0, 1, 1, 1, 0, 0, 0, 1, 0, 1, 0, 1, 0, 1, 0, 1, 47),
(48, 0, 0, 0, 0, 0, 1, 1, 1, 1, 1, 1, 0, 1, 1, 0, 0, 0, 0, 1, 48),
(49, 1, 1, 0, 0, 1, 0, 0, 0, 0, 0, 1, 1, 0, 1, 1, 0, 1, 1, 1, 49),
(50, 0, 0, 1, 0, 0, 1, 1, 1, 1, 0, 0, 0, 0, 0, 0, 0, 1, 0, 1, 50),
(51, 1, 0, 0, 1, 1, 0, 0, 0, 1, 1, 0, 1, 1, 1, 1, 1, 1, 1, 1, 51),
(52, 1, 1, 0, 1, 1, 0, 0, 0, 1, 0, 0, 1, 0, 0, 0, 1, 0, 1, 1, 52),
(53, 0, 1, 1, 1, 0, 0, 1, 1, 0, 0, 1, 1, 0, 1, 1, 1, 1, 0, 1, 53),
(54, 0, 1, 1, 0, 0, 1, 0, 1, 0, 1, 1, 0, 1, 1, 0, 0, 0, 1, 1, 54),
(55, 1, 0, 1, 1, 1, 1, 0, 0, 1, 0, 0, 1, 1, 0, 0, 0, 0, 1, 1, 55),
(56, 0, 1, 0, 0, 0, 1, 1, 1, 1, 0, 1, 1, 1, 1, 1, 1, 0, 0, 1, 56),
(57, 0, 0, 0, 1, 1, 0, 1, 0, 1, 0, 1, 0, 0, 0, 1, 1, 0, 0, 1, 57),
(58, 0, 0, 0, 1, 0, 0, 0, 0, 1, 1, 1, 0, 0, 1, 0, 0, 0, 1, 1, 58),
(59, 1, 0, 1, 1, 0, 1, 0, 1, 1, 0, 0, 1, 1, 0, 1, 0, 0, 1, 1, 59),
(60, 1, 1, 0, 1, 1, 1, 0, 0, 0, 0, 0, 0, 0, 1, 0, 1, 1, 0, 1, 60),
(61, 1, 0, 1, 1, 1, 1, 1, 0, 0, 1, 1, 1, 1, 1, 0, 1, 1, 0, 1, 61),
(62, 0, 0, 0, 0, 1, 0, 0, 0, 1, 0, 0, 1, 1, 0, 1, 1, 0, 1, 1, 62),
(63, 1, 1, 0, 1, 0, 0, 1, 0, 0, 0, 0, 1, 1, 1, 1, 0, 0, 0, 1, 63),
(64, 0, 0, 1, 1, 1, 0, 0, 1, 1, 1, 1, 1, 1, 1, 1, 1, 1, 1, 1, 64),
(65, 0, 1, 0, 1, 0, 1, 1, 1, 0, 1, 1, 0, 1, 0, 0, 0, 1, 1, 1, 65),
(66, 0, 1, 1, 0, 0, 0, 0, 0, 0, 1, 0, 1, 1, 1, 1, 1, 0, 0, 1, 66),
(67, 0, 1, 0, 1, 0, 0, 1, 0, 0, 1, 0, 0, 0, 0, 0, 1, 1, 1, 1, 67),
(68, 0, 1, 0, 1, 0, 1, 1, 1, 0, 1, 0, 0, 0, 0, 1, 1, 0, 0, 1, 68),
(69, 0, 1, 0, 0, 1, 0, 1, 1, 0, 1, 0, 0, 1, 1, 1, 0, 0, 1, 1, 69),
(70, 0, 0, 0, 1, 0, 0, 1, 1, 0, 1, 0, 1, 0, 1, 1, 0, 1, 0, 1, 70),
(71, 1, 1, 1, 1, 0, 1, 1, 1, 1, 1, 0, 0, 0, 1, 1, 1, 1, 1, 1, 71),
(72, 1, 1, 1, 0, 1, 0, 0, 1, 1, 1, 0, 0, 0, 1, 1, 0, 1, 0, 1, 72),
(73, 0, 0, 0, 0, 0, 0, 0, 0, 1, 0, 0, 0, 1, 1, 0, 0, 0, 0, 1, 73),
(74, 1, 0, 1, 1, 1, 1, 0, 0, 1, 1, 0, 0, 1, 0, 1, 1, 0, 1, 1, 74),
(75, 0, 0, 1, 1, 1, 0, 0, 0, 0, 1, 1, 0, 1, 1, 1, 0, 0, 0, 1, 75),
(76, 0, 0, 1, 1, 1, 1, 0, 1, 0, 0, 1, 1, 1, 0, 0, 0, 1, 1, 1, 76),
(77, 1, 0, 0, 0, 0, 1, 0, 1, 1, 0, 0, 1, 1, 1, 0, 0, 1, 0, 1, 77),
(78, 0, 1, 1, 0, 0, 0, 1, 0, 0, 1, 0, 0, 0, 0, 1, 0, 1, 0, 1, 78),
(79, 0, 1, 1, 1, 0, 0, 0, 0, 0, 0, 0, 0, 0, 0, 1, 0, 0, 1, 1, 79),
(80, 0, 1, 0, 0, 1, 0, 0, 0, 1, 0, 0, 0, 0, 0, 1, 0, 1, 0, 1, 80),
(81, 1, 0, 0, 0, 0, 1, 1, 1, 0, 0, 1, 0, 0, 0, 1, 0, 0, 0, 1, 81),
(82, 1, 0, 1, 0, 0, 1, 0, 0, 0, 0, 1, 1, 0, 0, 1, 0, 0, 0, 1, 82),
(83, 1, 0, 1, 0, 1, 1, 1, 1, 1, 1, 0, 1, 0, 0, 1, 0, 0, 0, 1, 83),
(84, 0, 0, 0, 0, 0, 1, 1, 0, 0, 1, 1, 1, 0, 1, 0, 1, 1, 0, 1, 84),
(85, 1, 1, 1, 1, 0, 0, 1, 1, 1, 0, 1, 0, 1, 0, 0, 1, 1, 1, 1, 85),
(86, 1, 0, 0, 0, 1, 1, 1, 1, 1, 1, 1, 0, 1, 0, 1, 0, 0, 1, 1, 86),
(87, 1, 1, 0, 1, 0, 0, 1, 1, 0, 0, 1, 1, 1, 1, 0, 1, 0, 0, 1, 87),
(88, 1, 0, 1, 0, 1, 1, 1, 1, 0, 1, 0, 1, 0, 1, 0, 0, 0, 0, 1, 88),
(89, 0, 1, 0, 0, 1, 0, 0, 0, 0, 1, 0, 1, 1, 0, 0, 1, 0, 1, 1, 89),
(90, 1, 0, 1, 0, 0, 0, 1, 1, 1, 1, 0, 1, 1, 0, 0, 1, 1, 0, 1, 90),
(91, 0, 1, 0, 1, 1, 0, 0, 0, 1, 0, 1, 1, 1, 0, 1, 0, 0, 0, 1, 91),
(92, 0, 1, 1, 1, 1, 1, 0, 0, 1, 0, 1, 1, 0, 1, 1, 1, 0, 1, 1, 92),
(93, 1, 0, 1, 0, 1, 0, 1, 0, 1, 1, 1, 1, 1, 0, 1, 0, 1, 1, 1, 93),
(94, 1, 0, 1, 1, 0, 0, 0, 0, 1, 0, 0, 1, 1, 0, 0, 1, 1, 1, 1, 94),
(95, 0, 1, 0, 0, 1, 1, 1, 0, 0, 1, 1, 1, 0, 0, 0, 0, 1, 1, 1, 95),
(96, 1, 0, 0, 0, 0, 1, 1, 0, 0, 0, 0, 1, 1, 1, 1, 0, 1, 0, 1, 96),
(97, 0, 0, 1, 1, 1, 0, 0, 1, 0, 1, 0, 1, 1, 1, 1, 0, 0, 0, 1, 97),
(98, 0, 1, 1, 1, 0, 1, 1, 0, 1, 0, 1, 1, 0, 1, 1, 1, 0, 0, 1, 98),
(99, 1, 0, 1, 1, 1, 1, 0, 0, 1, 1, 1, 1, 1, 0, 1, 0, 0, 0, 1, 99),
(100, 1, 1, 0, 1, 1, 1, 0, 0, 0, 1, 1, 1, 1, 1, 0, 1, 1, 0, 1, 100),
(101, 1, 1, 0, 1, 1, 0, 0, 1, 1, 0, 1, 0, 1, 1, 1, 1, 1, 1, 0, 101),
(102, 1, 0, 1, 0, 1, 0, 0, 1, 1, 1, 1, 0, 1, 0, 1, 1, 0, 0, 0, 102),
(103, 1, 0, 0, 0, 0, 0, 1, 1, 0, 1, 1, 1, 0, 1, 0, 0, 1, 1, 0, 103),
(104, 0, 1, 0, 1, 0, 1, 1, 0, 1, 0, 0, 0, 0, 0, 1, 1, 0, 1, 0, 104),
(105, 1, 0, 0, 0, 0, 1, 0, 1, 1, 1, 0, 1, 1, 1, 0, 0, 0, 1, 0, 105),
(106, 1, 1, 1, 1, 0, 1, 1, 1, 1, 1, 0, 1, 0, 1, 1, 0, 1, 0, 0, 106),
(107, 0, 0, 0, 0, 0, 0, 0, 1, 0, 0, 1, 0, 1, 0, 1, 1, 0, 0, 0, 107),
(108, 0, 1, 0, 0, 1, 0, 1, 0, 0, 0, 1, 0, 0, 0, 1, 1, 0, 0, 1, 108),
(109, 0, 0, 0, 0, 0, 0, 0, 1, 0, 1, 1, 1, 1, 0, 0, 1, 0, 1, 1, 109),
(110, 0, 1, 0, 1, 0, 0, 1, 1, 1, 0, 1, 1, 1, 1, 0, 0, 0, 0, 1, 110),
(111, 1, 0, 0, 0, 1, 1, 0, 0, 1, 1, 1, 0, 0, 0, 1, 1, 0, 0, 1, 111),
(112, 0, 0, 1, 0, 0, 1, 0, 0, 1, 0, 1, 0, 0, 0, 1, 1, 1, 0, 1, 112),
(113, 0, 1, 1, 0, 1, 1, 1, 0, 0, 1, 1, 1, 0, 0, 1, 1, 0, 0, 1, 113),
(114, 0, 0, 0, 1, 1, 0, 1, 1, 1, 1, 0, 1, 0, 0, 0, 0, 1, 0, 1, 114),
(115, 0, 0, 0, 1, 1, 0, 1, 0, 0, 1, 0, 1, 1, 0, 1, 0, 0, 1, 1, 115),
(116, 1, 0, 1, 1, 1, 0, 0, 0, 1, 0, 0, 1, 0, 1, 1, 1, 0, 1, 1, 116),
(117, 0, 0, 1, 1, 1, 0, 1, 1, 1, 0, 0, 1, 0, 1, 1, 0, 0, 1, 1, 117),
(118, 1, 0, 0, 0, 0, 0, 1, 0, 0, 0, 1, 0, 1, 1, 0, 0, 0, 1, 1, 118),
(119, 0, 1, 0, 0, 0, 1, 1, 1, 0, 1, 0, 0, 1, 1, 0, 1, 0, 0, 1, 119),
(120, 0, 1, 0, 0, 0, 0, 1, 0, 0, 0, 0, 0, 1, 1, 0, 1, 1, 1, 1, 120),
(121, 0, 1, 1, 0, 1, 0, 0, 1, 1, 0, 0, 1, 1, 1, 1, 1, 0, 0, 1, 121),
(122, 0, 1, 1, 0, 0, 0, 1, 0, 0, 0, 1, 1, 1, 0, 1, 1, 0, 0, 1, 122),
(123, 0, 0, 0, 0, 1, 0, 1, 1, 0, 1, 1, 0, 1, 0, 1, 0, 0, 1, 1, 123),
(124, 1, 1, 0, 1, 0, 0, 0, 0, 0, 0, 0, 1, 0, 1, 1, 0, 1, 0, 1, 124),
(125, 1, 0, 1, 1, 1, 0, 1, 0, 0, 0, 1, 1, 0, 0, 0, 0, 1, 1, 1, 125),
(126, 1, 0, 1, 0, 1, 0, 1, 0, 0, 1, 1, 0, 1, 1, 0, 0, 0, 1, 1, 126),
(127, 0, 0, 0, 1, 1, 1, 1, 0, 1, 0, 0, 1, 0, 1, 1, 0, 0, 1, 1, 127),
(128, 0, 0, 1, 1, 1, 1, 0, 0, 1, 1, 1, 0, 1, 1, 0, 1, 0, 1, 1, 128),
(129, 1, 0, 0, 0, 0, 1, 1, 1, 0, 1, 1, 0, 0, 0, 0, 1, 0, 0, 1, 129),
(130, 1, 0, 1, 0, 0, 1, 1, 1, 0, 0, 0, 1, 0, 0, 1, 1, 1, 1, 1, 130),
(131, 1, 0, 1, 0, 1, 0, 0, 1, 0, 0, 0, 1, 1, 0, 0, 0, 1, 0, 1, 131),
(132, 0, 1, 1, 0, 0, 0, 0, 0, 1, 1, 1, 0, 0, 0, 0, 1, 0, 0, 1, 132),
(133, 0, 1, 1, 1, 1, 0, 1, 0, 0, 0, 1, 1, 1, 1, 0, 0, 0, 1, 1, 133),
(134, 0, 1, 1, 0, 1, 0, 1, 1, 0, 0, 0, 0, 1, 1, 0, 0, 0, 1, 1, 134),
(135, 0, 0, 1, 0, 0, 1, 1, 1, 0, 0, 0, 1, 0, 1, 1, 1, 1, 0, 1, 135),
(136, 1, 0, 0, 0, 1, 0, 0, 0, 1, 1, 1, 1, 1, 0, 0, 0, 1, 0, 1, 136),
(137, 0, 0, 1, 1, 0, 1, 1, 0, 0, 0, 1, 1, 0, 0, 1, 1, 0, 1, 1, 137),
(138, 1, 0, 0, 1, 1, 1, 1, 0, 0, 1, 1, 1, 1, 0, 1, 1, 1, 1, 1, 138),
(139, 0, 1, 1, 1, 1, 1, 0, 0, 0, 0, 0, 0, 0, 1, 1, 1, 0, 1, 1, 139),
(140, 0, 0, 0, 1, 1, 0, 0, 1, 1, 0, 0, 0, 0, 1, 1, 0, 0, 1, 1, 140),
(141, 1, 1, 1, 0, 0, 1, 1, 0, 0, 1, 1, 1, 0, 1, 1, 1, 0, 0, 1, 141),
(142, 1, 1, 0, 0, 0, 1, 0, 0, 0, 0, 1, 1, 1, 0, 1, 0, 0, 1, 1, 142),
(143, 1, 0, 1, 1, 0, 0, 1, 1, 0, 0, 1, 1, 1, 0, 0, 0, 1, 0, 1, 143),
(144, 1, 1, 0, 0, 0, 0, 0, 0, 1, 0, 0, 1, 0, 1, 1, 0, 0, 0, 1, 144),
(145, 1, 0, 1, 0, 1, 1, 0, 1, 1, 0, 1, 0, 0, 0, 1, 0, 0, 1, 1, 145),
(146, 0, 1, 0, 1, 0, 0, 0, 1, 1, 0, 0, 0, 1, 0, 0, 0, 1, 1, 1, 146),
(147, 0, 0, 0, 0, 1, 1, 1, 1, 1, 1, 1, 0, 1, 0, 0, 0, 0, 1, 1, 147),
(148, 0, 0, 1, 0, 0, 1, 1, 0, 1, 0, 1, 1, 1, 1, 0, 0, 0, 1, 1, 148),
(149, 0, 0, 1, 1, 0, 0, 1, 0, 1, 0, 1, 0, 1, 1, 1, 0, 0, 0, 1, 149),
(150, 1, 1, 1, 1, 1, 1, 0, 0, 1, 1, 0, 0, 1, 0, 1, 0, 1, 0, 1, 150),
(151, 0, 0, 0, 1, 0, 0, 0, 1, 0, 0, 0, 1, 1, 1, 1, 0, 0, 0, 1, 151),
(152, 0, 1, 0, 1, 1, 0, 1, 1, 1, 0, 0, 1, 1, 1, 0, 0, 1, 0, 1, 152),
(153, 1, 0, 1, 1, 0, 0, 0, 1, 1, 0, 0, 1, 1, 1, 1, 0, 0, 0, 1, 153),
(154, 0, 0, 1, 0, 0, 1, 0, 1, 0, 1, 1, 0, 0, 1, 1, 1, 0, 0, 1, 154),
(155, 1, 0, 0, 0, 0, 0, 1, 0, 0, 1, 1, 1, 0, 1, 0, 0, 0, 0, 1, 155),
(156, 0, 0, 1, 1, 1, 1, 0, 0, 0, 0, 1, 0, 0, 1, 0, 0, 0, 0, 1, 156),
(157, 1, 0, 1, 1, 1, 1, 1, 1, 1, 1, 1, 0, 1, 0, 1, 0, 0, 1, 1, 157),
(158, 0, 0, 0, 1, 0, 1, 1, 0, 0, 0, 0, 1, 0, 1, 1, 1, 0, 0, 1, 158),
(159, 1, 1, 0, 0, 0, 1, 0, 1, 0, 1, 0, 1, 1, 0, 0, 0, 0, 1, 1, 159),
(160, 1, 1, 0, 1, 1, 0, 1, 1, 1, 0, 1, 1, 0, 1, 0, 1, 0, 1, 1, 160),
(161, 0, 0, 1, 1, 1, 0, 0, 1, 1, 0, 1, 1, 0, 0, 0, 0, 1, 0, 1, 161),
(162, 1, 1, 0, 1, 0, 0, 1, 0, 0, 0, 0, 1, 1, 1, 0, 1, 1, 1, 1, 162),
(163, 1, 1, 0, 1, 0, 1, 1, 0, 0, 1, 0, 1, 0, 0, 0, 1, 1, 0, 1, 163),
(164, 0, 1, 0, 1, 0, 0, 0, 0, 1, 1, 1, 0, 0, 1, 1, 0, 1, 0, 1, 164),
(165, 1, 0, 0, 0, 0, 0, 1, 1, 0, 1, 0, 0, 0, 0, 1, 0, 1, 1, 1, 165),
(166, 0, 0, 0, 0, 1, 1, 1, 0, 1, 1, 1, 1, 0, 1, 0, 0, 1, 0, 1, 166),
(167, 0, 0, 1, 1, 0, 0, 1, 1, 0, 1, 1, 1, 1, 1, 0, 0, 0, 1, 1, 167),
(168, 0, 0, 0, 0, 0, 1, 0, 0, 1, 1, 1, 1, 0, 0, 1, 0, 1, 1, 1, 168),
(169, 1, 0, 1, 0, 1, 0, 1, 1, 0, 1, 0, 0, 0, 1, 0, 1, 0, 1, 1, 169),
(170, 0, 1, 0, 1, 0, 0, 1, 0, 0, 0, 0, 0, 0, 0, 1, 0, 1, 0, 1, 170),
(171, 0, 0, 1, 0, 1, 0, 0, 0, 1, 1, 0, 0, 1, 0, 0, 0, 1, 0, 1, 171),
(172, 1, 1, 0, 0, 1, 0, 0, 0, 0, 1, 1, 0, 1, 0, 0, 1, 1, 1, 1, 172),
(173, 0, 0, 1, 0, 0, 1, 1, 1, 1, 0, 0, 1, 0, 1, 0, 0, 1, 1, 1, 173),
(174, 1, 1, 0, 0, 1, 0, 0, 1, 0, 0, 1, 0, 1, 0, 1, 1, 0, 0, 1, 174),
(175, 1, 0, 0, 0, 1, 1, 1, 0, 1, 0, 1, 0, 0, 1, 1, 0, 1, 0, 1, 175),
(176, 1, 0, 0, 1, 0, 1, 0, 0, 1, 1, 1, 0, 0, 0, 1, 0, 0, 0, 1, 176),
(177, 1, 1, 0, 1, 1, 1, 0, 1, 1, 1, 0, 0, 1, 0, 0, 1, 1, 1, 1, 177),
(178, 1, 1, 0, 1, 1, 1, 1, 0, 0, 0, 1, 1, 0, 1, 0, 0, 1, 0, 1, 178),
(179, 1, 0, 1, 1, 0, 0, 0, 1, 0, 1, 0, 0, 1, 1, 1, 0, 0, 1, 1, 179),
(180, 1, 1, 0, 0, 1, 1, 0, 0, 0, 0, 0, 0, 1, 1, 1, 1, 0, 0, 1, 180),
(181, 1, 0, 0, 1, 0, 0, 1, 1, 0, 0, 1, 1, 0, 1, 0, 1, 1, 1, 1, 181),
(182, 1, 0, 1, 0, 1, 0, 1, 1, 0, 0, 0, 0, 1, 0, 1, 1, 1, 1, 1, 182),
(183, 0, 1, 0, 0, 0, 0, 1, 0, 1, 1, 0, 1, 0, 1, 1, 1, 0, 0, 1, 183),
(184, 1, 0, 1, 0, 1, 0, 0, 0, 1, 1, 0, 1, 0, 0, 1, 1, 0, 0, 1, 184),
(185, 1, 1, 1, 1, 1, 0, 1, 1, 1, 0, 1, 1, 1, 1, 0, 1, 0, 0, 1, 185),
(186, 1, 1, 1, 1, 0, 1, 1, 0, 0, 1, 1, 0, 1, 1, 1, 0, 1, 1, 1, 186),
(187, 0, 1, 1, 0, 0, 1, 0, 0, 0, 0, 0, 0, 1, 0, 0, 0, 1, 1, 1, 187),
(188, 0, 1, 1, 1, 0, 0, 0, 0, 1, 1, 1, 0, 0, 0, 1, 1, 1, 1, 1, 188),
(189, 1, 0, 1, 0, 1, 0, 1, 0, 1, 1, 1, 0, 1, 1, 1, 0, 1, 1, 1, 189),
(190, 0, 0, 0, 1, 0, 1, 0, 1, 0, 0, 0, 1, 0, 1, 1, 1, 1, 0, 1, 190),
(191, 1, 1, 0, 1, 0, 1, 0, 1, 0, 1, 0, 0, 0, 0, 1, 1, 0, 0, 1, 191),
(192, 1, 1, 1, 1, 1, 0, 0, 0, 0, 0, 1, 0, 0, 0, 1, 0, 1, 1, 1, 192),
(193, 0, 0, 0, 1, 1, 1, 1, 0, 1, 0, 1, 0, 1, 0, 1, 1, 1, 0, 1, 193),
(194, 0, 0, 1, 0, 1, 0, 0, 1, 0, 0, 1, 1, 1, 1, 0, 1, 0, 1, 1, 194),
(195, 1, 1, 0, 1, 0, 0, 1, 1, 1, 1, 1, 1, 0, 0, 0, 0, 0, 1, 1, 195),
(196, 0, 1, 1, 1, 1, 0, 0, 1, 1, 1, 0, 1, 0, 0, 0, 1, 0, 1, 1, 196),
(197, 1, 1, 0, 0, 0, 0, 1, 0, 0, 1, 1, 1, 1, 0, 1, 1, 0, 1, 1, 197),
(198, 0, 1, 1, 0, 1, 0, 0, 0, 0, 1, 0, 0, 0, 1, 0, 1, 0, 1, 1, 198),
(199, 1, 0, 1, 1, 0, 1, 0, 0, 0, 0, 0, 0, 0, 1, 0, 0, 1, 0, 1, 199),
(200, 1, 0, 0, 0, 0, 0, 0, 1, 0, 0, 1, 1, 0, 1, 1, 0, 1, 1, 1, 200);

--
-- Indexes for dumped tables
--

--
-- Indexes for table `devicedata`
--
ALTER TABLE `devicedata`
  ADD PRIMARY KEY (`id`),
  ADD KEY `id_to_id_session` (`id_session`);

--
-- Indexes for table `error`
--
ALTER TABLE `error`
  ADD PRIMARY KEY (`id_errocode`);

--
-- Indexes for table `errordata`
--
ALTER TABLE `errordata`
  ADD PRIMARY KEY (`id`),
  ADD KEY `id_errordata_to_id_devicedata` (`id_devicedata`);

--
-- Indexes for table `session`
--
ALTER TABLE `session`
  ADD PRIMARY KEY (`id`);

--
-- Indexes for table `valvedata`
--
ALTER TABLE `valvedata`
  ADD PRIMARY KEY (`id`),
  ADD KEY `id_valvedata_to_id_devicedata` (`id_devicedata`);

--
-- AUTO_INCREMENT for dumped tables
--

--
-- AUTO_INCREMENT for table `devicedata`
--
ALTER TABLE `devicedata`
  MODIFY `id` int(11) NOT NULL AUTO_INCREMENT, AUTO_INCREMENT=201;

--
-- AUTO_INCREMENT for table `errordata`
--
ALTER TABLE `errordata`
  MODIFY `id` int(11) NOT NULL AUTO_INCREMENT, AUTO_INCREMENT=2;

--
-- AUTO_INCREMENT for table `session`
--
ALTER TABLE `session`
  MODIFY `id` int(11) NOT NULL AUTO_INCREMENT, AUTO_INCREMENT=3;

--
-- AUTO_INCREMENT for table `valvedata`
--
ALTER TABLE `valvedata`
  MODIFY `id` int(11) NOT NULL AUTO_INCREMENT, AUTO_INCREMENT=201;

--
-- Constraints for dumped tables
--

--
-- Constraints for table `devicedata`
--
ALTER TABLE `devicedata`
  ADD CONSTRAINT `id_to_id_session` FOREIGN KEY (`id_session`) REFERENCES `session` (`id`);

--
-- Constraints for table `errordata`
--
ALTER TABLE `errordata`
  ADD CONSTRAINT `id_errordata_to_id_devicedata` FOREIGN KEY (`id_devicedata`) REFERENCES `devicedata` (`id`) ON DELETE CASCADE ON UPDATE CASCADE;

--
-- Constraints for table `valvedata`
--
ALTER TABLE `valvedata`
  ADD CONSTRAINT `id_valvedata_to_id_devicedata` FOREIGN KEY (`id_devicedata`) REFERENCES `devicedata` (`id`) ON DELETE CASCADE ON UPDATE CASCADE;
COMMIT;

/*!40101 SET CHARACTER_SET_CLIENT=@OLD_CHARACTER_SET_CLIENT */;
/*!40101 SET CHARACTER_SET_RESULTS=@OLD_CHARACTER_SET_RESULTS */;
/*!40101 SET COLLATION_CONNECTION=@OLD_COLLATION_CONNECTION */;
